companyName,fullName,mobileNo,emailIds,address,city,respCenter,division,targetProduct,qualityScore,leadSourceChannel,website,rating,reviewsCount,sourceUrl,notes
Niwara Gym by V3 Fitness,Niwara Gym by V3 Fitness,9860330423,,Niwara Gym by V3 Fitness,Pune,PUNE,Ecoflex,Tuffloor,0.85,Google-Maps,,,0,https://www.google.com/maps/place/Niwara+Gym+by+V3+Fitness/data=!4m7!3m6!1s0x3bc2bfb5120c77a5:0xfb86aa794cced649!8m2!3d18.5088796!4d73.841124!16s%2Fg%2F11kj3r0_mt!19sChIJpXcMErW_wjsRSdbOTHmqhvs?authuser=0&hl=en&g_ep=EgoyMDI2MDkwMS4wIJJjKgBIAVAD&rclk=1,Prospective commercial facility in Pune for Tuffloor.
ABS Fitness Club | CAMP,ABS Fitness Club | CAMP,9763215051,,ABS Fitness Club | CAMP,Pune,PUNE,Ecoflex,Tuffloor,0.9,Google-Maps,https://absfitnessclub.in/,,0,https://www.google.com/maps/place/ABS+Fitness+Club+%7C+CAMP/data=!4m7!3m6!1s0x3bc2c1c99f746687:0x55e09af415590d28!8m2!3d18.5197909!4d73.8758536!16s%2Fg%2F11gw3b68zs!19sChIJh2Z0n8nBwjsRKA1ZFfSa4FU?authuser=0&hl=en&g_ep=EgoyMDI2MDkwMS4wIJJjKgBIAVAD&rclk=1,Prospective commercial facility in Pune for Tuffloor.
GYM FIT fitness centre,GYM FIT fitness centre,9861661717,,GYM FIT fitness centre,Pune,PUNE,Ecoflex,Tuffloor,0.85,Google-Maps,,,0,https://www.google.com/maps/place/GYM+FIT+fitness+centre/data=!4m7!3m6!1s0x3bc2bea7b61fec89:0x64ba6c7f30000000!8m2!3d18.5536175!4d73.7503388!16s%2Fg%2F11p6sphyl0!19sChIJiewftqe-wjsRAAAAMH9sumQ?authuser=0&hl=en&g_ep=EgoyMDI2MDkwMS4wIJJjKgBIAVAD&rclk=1,Prospective commercial facility in Pune for Tuffloor.
Sky Fitness & Wellness,Sky Fitness & Wellness,9881729728,,Sky Fitness & Wellness,Pune,PUNE,Ecoflex,Tuffloor,0.9,Google-Maps,http://www.skyfitnessindia.com/,,0,https://www.google.com/maps/place/Sky+Fitness+%26+Wellness/data=!4m7!3m6!1s0x3bc2bec8bdb66219:0x5526d78dbe2dff4a!8m2!3d18.5581575!4d73.7758109!16s%2Fg%2F1tlczmkh!19sChIJGWK2vci-wjsRSv8tvo3XJlU?authuser=0&hl=en&g_ep=EgoyMDI2MDkwMS4wIJJjKgBIAVAD&rclk=1,Prospective commercial facility in Pune for Tuffloor.
Bhairava Fitness Club,Bhairava Fitness Club,8605403210,,Bhairava Fitness Club,Pune,PUNE,Ecoflex,Tuffloor,0.85,Google-Maps,,,0,https://www.google.com/maps/place/Bhairava+Fitness+Club/data=!4m7!3m6!1s0x3bc2c1f1d2793031:0x297413b696650bcc!8m2!3d18.4931459!4d73.8500278!16s%2Fg%2F11s5trnyd2!19sChIJMTB50vHBwjsRzAtllrYTdCk?authuser=0&hl=en&g_ep=EgoyMDI2MDkwMS4wIJJjKgBIAVAD&rclk=1,Prospective commercial facility in Pune for Tuffloor.
Alpha Fitness,Alpha Fitness,8484099784,,Alpha Fitness,Pune,PUNE,Ecoflex,Tuffloor,0.8,Google-Maps,https://alphafitness.co.in/,,0,https://www.google.com/maps/place/Alpha+Fitness/data=!4m7!3m6!1s0x3bc2c1aa5c1f18b3:0xd4f41ef13b7a04c0!8m2!3d18.5174486!4d73.9413203!16s%2Fg%2F11vllz96sp!19sChIJsxgfXKrBwjsRwAR6O_Ee9NQ?authuser=0&hl=en&g_ep=EgoyMDI2MDkwMS4wIJJjKgBIAVAD&rclk=1,Prospective commercial facility in Pune for Tuffloor.
Dynamo Fitness Club (Haji Anisbhai Kazi Group),Dynamo Fitness Club (Haji Anisbhai Kazi Group),7722017869,,Dynamo Fitness Club (Haji Anisbhai Kazi Group),Pune,PUNE,Ecoflex,Tuffloor,0.9,Google-Maps,https://dynamofitnessgym.netlify.app/,,0,https://www.google.com/maps/place/Dynamo+Fitness+Club+%28Haji+Anisbhai+Kazi+Group%29/data=!4m7!3m6!1s0x3bc2eb3fa87bc7dd:0xabc14679a097c62e!8m2!3d18.4566562!4d73.885193!16s%2Fg%2F11ppz6zh5d!19sChIJ3cd7qD_rwjsRLsaXoHlGwas?authuser=0&hl=en&g_ep=EgoyMDI2MDkwMS4wIJJjKgBIAVAD&rclk=1,Prospective commercial facility in Pune for Tuffloor.
Ethcure Fitness Club,Ethcure Fitness Club,7887955559,,Ethcure Fitness Club,Pune,PUNE,Ecoflex,Tuffloor,0.85,Google-Maps,,,0,https://www.google.com/maps/place/Ethcure+Fitness+Club/data=!4m7!3m6!1s0x3bc2bfc712bb2845:0x5ad6d1ff40f5cdd6!8m2!3d18.5150849!4d73.8171518!16s%2Fg%2F11jspbwtfj!19sChIJRSi7Ese_wjsR1s31QP_R1lo?authuser=0&hl=en&g_ep=EgoyMDI2MDkwMS4wIJJjKgBIAVAD&rclk=1,Prospective commercial facility in Pune for Tuffloor.
Brahma Fitness - Available on Cult.fit | Gym in FC Road,Brahma Fitness - Available on Cult.fit | Gym in FC Road,8584858609,,Brahma Fitness - Available on Cult.fit | Gym in FC Road,Pune,PUNE,Ecoflex,Tuffloor,0.9,Google-Maps,https://www.instagram.com/urbounce_gym_fc_road/,,0,https://www.google.com/maps/place/Brahma+Fitness+-+Available+on+Cult.fit+%7C+Gym+in+FC+Road/data=!4m7!3m6!1s0x3bc2bfa22a05f35f:0x4bb042c6226e025c!8m2!3d18.5231672!4d73.838298!16s%2Fg%2F11sv3hfr0q!19sChIJX_MFKqK_wjsRXAJuIsZCsEs?authuser=0&hl=en&g_ep=EgoyMDI2MDkwMS4wIJJjKgBIAVAD&rclk=1,Prospective commercial facility in Pune for Tuffloor.
The Sweat Arena 4.0 - Premium Gym In Keshavnagar,The Sweat Arena 4.0 - Premium Gym In Keshavnagar,9028437373,,The Sweat Arena 4.0 - Premium Gym In Keshavnagar,Pune,PUNE,Ecoflex,Tuffloor,0.85,Google-Maps,,,0,https://www.google.com/maps/place/The+Sweat+Arena+4.0+-+Premium+Gym+In+Keshavnagar/data=!4m7!3m6!1s0x3bc2c30022075c63:0x6f945f3d8d09f9bb!8m2!3d18.5376052!4d73.9466786!16s%2Fg%2F11yytdlz4y!19sChIJY1wHIgDDwjsRu_kJjT1flG8?authuser=0&hl=en&g_ep=EgoyMDI2MDkwMS4wIJJjKgBIAVAD&rclk=1,Prospective commercial facility in Pune for Tuffloor.
FCS Pune,FCS Pune,9561123495,,"Gym · Ideal Colony Ground, behind Geetai shopping mall, off, Paud Rd",Pune,PUNE,Ecoflex,Tuffloor,0.85,Google-Maps,,,0,https://www.google.com/maps/place/FCS+Pune/data=!4m7!3m6!1s0x3bc2bf386fe2e315:0x34cc9bb6a6ab1573!8m2!3d18.5081488!4d73.8176571!16s%2Fg%2F11h2h0xbfj!19sChIJFePibzi_wjsRcxWrprabzDQ?authuser=0&hl=en&g_ep=EgoyMDI2MDkwMS4wIJJjKgBIAVAD&rclk=1,Prospective commercial facility in Pune for Tuffloor.
Fitness Arena,Fitness Arena,8446996946,,Fitness Arena,Pune,PUNE,Ecoflex,Tuffloor,0.75,Google-Maps,,,0,https://www.google.com/maps/place/Fitness+Arena/data=!4m7!3m6!1s0x3bc2b9a7cd5d48e9:0x364569560be65f81!8m2!3d18.633062!4d73.8132545!16s%2Fg%2F11stfphyqy!19sChIJ6Uhdzae5wjsRgV_mC1ZpRTY?authuser=0&hl=en&g_ep=EgoyMDI2MDkwMS4wIJJjKgBIAVAD&rclk=1,Prospective commercial facility in Pune for Tuffloor.
27 CrossthonFit pune,27 CrossthonFit pune,8956701103,,27 CrossthonFit pune,Pune,PUNE,Ecoflex,Tuffloor,0.85,Google-Maps,,,0,https://www.google.com/maps/place/27+CrossthonFit+pune/data=!4m7!3m6!1s0x3bc2c1abdfe1872b:0x16736decba03c5b5!8m2!3d18.5215981!4d73.8481846!16s%2Fg%2F11mw7r4txm!19sChIJK4fh36vBwjsRtcUDuuxtcxY?authuser=0&hl=en&g_ep=EgoyMDI2MDkwMS4wIJJjKgBIAVAD&rclk=1,Prospective commercial facility in Pune for Tuffloor.
CROSSFIT EVOLUTION FITNESS CLUB,CROSSFIT EVOLUTION FITNESS CLUB,9623324167,,CROSSFIT EVOLUTION FITNESS CLUB,Pune,PUNE,Ecoflex,Tuffloor,0.85,Google-Maps,,,0,https://www.google.com/maps/place/CROSSFIT+EVOLUTION+FITNESS+CLUB/data=!4m7!3m6!1s0x3bc2eb0dc0ca6c1b:0x86e0381cccc61519!8m2!3d18.4748792!4d73.8607768!16s%2Fg%2F11l2q_4s8p!19sChIJG2zKwA3rwjsRGRXGzBw44IY?authuser=0&hl=en&g_ep=EgoyMDI2MDkwMS4wIJJjKgBIAVAD&rclk=1,Prospective commercial facility in Pune for Tuffloor.
CrossFit Monkey Flag,CrossFit Monkey Flag,9325928630,,CrossFit Monkey Flag,Pune,PUNE,Ecoflex,Tuffloor,0.9,Google-Maps,https://monkeyflagfitness.com/,,0,https://www.google.com/maps/place/CrossFit+Monkey+Flag/data=!4m7!3m6!1s0x3bc2bf7825916a77:0xb69db682d26a35ff!8m2!3d18.5103712!4d73.8387832!16s%2Fg%2F11fy904zx6!19sChIJd2qRJXi_wjsR_zVq0oK2nbY?authuser=0&hl=en&g_ep=EgoyMDI2MDkwMS4wIJJjKgBIAVAD&rclk=1,Prospective commercial facility in Pune for Tuffloor.
Vyom Fit Arena,Vyom Fit Arena,8956982525,,Vyom Fit Arena,Pune,PUNE,Ecoflex,Tuffloor,0.8,Google-Maps,https://forms.gle/JsZ8KRa2wJF9N8E96,,0,https://www.google.com/maps/place/Vyom+Fit+Arena/data=!4m7!3m6!1s0x3bc2c549326510c9:0x71806f44de4d40ee!8m2!3d18.5901016!4d73.9972476!16s%2Fg%2F11yv2k3jq2!19sChIJyRBlMknFwjsR7kBN3kRvgHE?authuser=0&hl=en&g_ep=EgoyMDI2MDkwMS4wIJJjKgBIAVAD&rclk=1,Prospective commercial facility in Pune for Tuffloor.
