companyName,fullName,mobileNo,address,city,respCenter,division,targetProduct,qualityScore,leadSourceChannel,website,rating,reviewsCount,sourceUrl,notes
Apollo Tyres - Omkar Tyres,Apollo Tyres - Omkar Tyres,7942728614,Apollo Tyres - Omkar Tyres,Pune,PUNE,Tyresoles,Ready-Retreaded Tyres (RRT),0.9,OEM-Dealer-Apollo,https://store.apollotyres.com/apollo-tyres-omkar-tyres-tyre-shop-aranyeshwar-parvati-pune-128447/Home?utm_source=locator&utm_medium=googleplaces,,0,https://www.google.com/maps/place/Apollo+Tyres+-+Omkar+Tyres/data=!4m7!3m6!1s0x3bc2c1e4c5774b95:0x5d31f8484677e2db!8m2!3d18.4886639!4d73.853951!16s%2Fg%2F11gmfg7jx3!19sChIJlUt3xeTBwjsR2-J3Rkj4MV0?authuser=0&hl=en&g_ep=EgoyMDI2MDkwMS4wIJJjKgBIAVAD&rclk=1,Active fleet/commercial operator in Pune for Ready-Retreaded Tyres (RRT).
Apollo Tyres - Ashok Tyres - Super Zone,Apollo Tyres - Ashok Tyres - Super Zone,7942676143,Apollo Tyres - Ashok Tyres - Super Zone,Pune,PUNE,Tyresoles,Ready-Retreaded Tyres (RRT),0.9,OEM-Dealer-Apollo,https://store.apollotyres.com/apollo-tyres-ashok-tyres-super-zone-tyre-shop-shankarseth-road-pune-73167/Home?utm_source=locator&utm_medium=googleplaces,,0,https://www.google.com/maps/place/Apollo+Tyres+-+Ashok+Tyres+-+Super+Zone/data=!4m7!3m6!1s0x3bc2c13ff584b1a9:0xd42a5284ab9914d7!8m2!3d18.4997339!4d73.8634601!16s%2Fg%2F11j07v45p8!19sChIJqbGE9T_BwjsR1xSZq4RSKtQ?authuser=0&hl=en&g_ep=EgoyMDI2MDkwMS4wIJJjKgBIAVAD&rclk=1,Active fleet/commercial operator in Pune for Ready-Retreaded Tyres (RRT).
"Apollo Tyres - Balaji Tyres, Wakad","Apollo Tyres - Balaji Tyres, Wakad",7942728521,"Apollo Tyres - Balaji Tyres, Wakad",Pune,PUNE,Tyresoles,Ready-Retreaded Tyres (RRT),0.9,OEM-Dealer-Apollo,https://store.apollotyres.com/apollo-tyres-balaji-tyres-wakad-tyre-shop-wakad-pune-81946/Home?utm_source=locator&utm_medium=googleplaces,,0,"https://www.google.com/maps/place/Apollo+Tyres+-+Balaji+Tyres,+Wakad/data=!4m7!3m6!1s0x3bc2b91c17ecbcfb:0xdc1a1b419f8caa42!8m2!3d18.6079938!4d73.7569241!16s%2Fg%2F1pp2wy2fg!19sChIJ-7zsFxy5wjsRQqqMn0EbGtw?authuser=0&hl=en&g_ep=EgoyMDI2MDkwMS4wIJJjKgBIAVAD&rclk=1",Active fleet/commercial operator in Pune for Ready-Retreaded Tyres (RRT).
MRF Tyres Exclusive -Maharashtra Tyres,MRF Tyres Exclusive -Maharashtra Tyres,7058092202,MRF Tyres Exclusive -Maharashtra Tyres,Pune,PUNE,Tyresoles,Ready-Retreaded Tyres (RRT),0.85,OEM-Dealer-MRF,,,0,https://www.google.com/maps/place/MRF+Tyres+Exclusive+-Maharashtra+Tyres/data=!4m7!3m6!1s0x3bc2c12c5834e887:0xc5fdfd11e1e395d9!8m2!3d18.5254897!4d73.8653561!16s%2Fg%2F11yn5f64st!19sChIJh-g0WCzBwjsR2ZXj4RH9_cU?authuser=0&hl=en&g_ep=EgoyMDI2MDkwMS4wIJJjKgBIAVAD&rclk=1,Active fleet/commercial operator in Pune for Ready-Retreaded Tyres (RRT).
MRF T&S - Rajgad Tyres,MRF T&S - Rajgad Tyres,9096033390,MRF T&S - Rajgad Tyres,Pune,PUNE,Tyresoles,Ready-Retreaded Tyres (RRT),0.9,OEM-Dealer-MRF,https://dealers.mrftyres.com/mrf-t-s-rajgad-tyres-tyre-shop-municipal-col-pune-373256/Home?utm_source=locator&utm_medium=googleplaces,,0,https://www.google.com/maps/place/MRF+T%26S+-+Rajgad+Tyres/data=!4m7!3m6!1s0x3bc2c1518c5d4001:0x584dd56f4ac05995!8m2!3d18.5008369!4d73.8487773!16s%2Fg%2F11rnsy31tt!19sChIJAUBdjFHBwjsRlVnASm_VTVg?authuser=0&hl=en&g_ep=EgoyMDI2MDkwMS4wIJJjKgBIAVAD&rclk=1,Active fleet/commercial operator in Pune for Ready-Retreaded Tyres (RRT).
MRF T&S - Kings Tyres,MRF T&S - Kings Tyres,8983035855,MRF T&S - Kings Tyres,Pune,PUNE,Tyresoles,Ready-Retreaded Tyres (RRT),0.9,OEM-Dealer-MRF,https://dealers.mrftyres.com/mrf-t-s-kings-tyres-tyre-shop-wadgaon-sheri-pune-373730/Home?utm_source=locator&utm_medium=googleplaces,,0,https://www.google.com/maps/place/MRF+T%26S+-+Kings+Tyres/data=!4m7!3m6!1s0x3bc2c1422e86c239:0xba4e94121ae5d36b!8m2!3d18.5607146!4d73.9188427!16s%2Fg%2F11cn8x20kw!19sChIJOcKGLkLBwjsRa9PlGhKUTro?authuser=0&hl=en&g_ep=EgoyMDI2MDkwMS4wIJJjKgBIAVAD&rclk=1,Active fleet/commercial operator in Pune for Ready-Retreaded Tyres (RRT).
"JK Tyre Steel Wheels, Balaji Tyre House","JK Tyre Steel Wheels, Balaji Tyre House",8237000848,"JK Tyre Steel Wheels, Balaji Tyre House",Pune,PUNE,Tyresoles,Ready-Retreaded Tyres (RRT),0.9,OEM-Dealer-JK Tyre,https://brandshops.jktyre.com/jk-tyre-steel-wheels-balaji-tyre-house-tyre-shop-thathawade-pune-124374/Home,,0,"https://www.google.com/maps/place/JK+Tyre+Steel+Wheels,+Balaji+Tyre+House/data=!4m7!3m6!1s0x3bc2b9fe7c8c3727:0xf1376eb35bed0d31!8m2!3d18.624451!4d73.757996!16s%2Fg%2F11rxv3_6np!19sChIJJzeMfP65wjsRMQ3tW7NuN_E?authuser=0&hl=en&g_ep=EgoyMDI2MDkwMS4wIJJjKgBIAVAD&rclk=1",Active fleet/commercial operator in Pune for Ready-Retreaded Tyres (RRT).
"JK Tyre Steel Wheels, Krishna Tyre","JK Tyre Steel Wheels, Krishna Tyre",9167061030,"JK Tyre Steel Wheels, Krishna Tyre",Pune,PUNE,Tyresoles,Ready-Retreaded Tyres (RRT),0.9,OEM-Dealer-JK Tyre,https://brandshops.jktyre.com/jk-tyre-steel-wheels-krishna-tyre-tyre-shop-thergaon-pune-136177/Home?utm_source=locator&utm_medium=googleplaces,,0,"https://www.google.com/maps/place/JK+Tyre+Steel+Wheels,+Krishna+Tyre/data=!4m7!3m6!1s0x3bc2b904e3c1e3b3:0x7342cc640bbfd618!8m2!3d18.6156918!4d73.7663972!16s%2Fg%2F11sqxdkyfp!19sChIJs-PB4wS5wjsRGNa_C2TMQnM?authuser=0&hl=en&g_ep=EgoyMDI2MDkwMS4wIJJjKgBIAVAD&rclk=1",Active fleet/commercial operator in Pune for Ready-Retreaded Tyres (RRT).
"JK Tyre Steel Wheels, Balaji Tyres","JK Tyre Steel Wheels, Balaji Tyres",8291463806,"JK Tyre Steel Wheels, Balaji Tyres",Pune,PUNE,Tyresoles,Ready-Retreaded Tyres (RRT),0.9,OEM-Dealer-JK Tyre,https://brandshops.jktyre.com/jk-tyre-steel-wheels-balaji-tyres-tyre-shop-midc-bhosari-pune-181000/Home?utm_source=locator&utm_medium=googleplaces,,0,"https://www.google.com/maps/place/JK+Tyre+Steel+Wheels,+Balaji+Tyres/data=!4m7!3m6!1s0x3bc2b9441a12c661:0xd3568c6a8f53b093!8m2!3d18.6260751!4d73.8357572!16s%2Fg%2F11tdfrvv8m!19sChIJYcYSGkS5wjsRk7BTj2qMVtM?authuser=0&hl=en&g_ep=EgoyMDI2MDkwMS4wIJJjKgBIAVAD&rclk=1",Active fleet/commercial operator in Pune for Ready-Retreaded Tyres (RRT).
